nucls_slide_name,case_id_nucls,section,section_type_nucls,section_number_nucls,section_key,file_id,file_name,file_size_MB,full_path,file_id_norm,slide_barcode,case_id,sample_vial,sample_type_code,section_type,section_number
TCGA-A1-A0SP-DX1,TCGA-A1-A0SP,DX1,DX,1,TCGA-A1-A0SP-DX-1,aa8c4f21-2fce-4ccb-b270-4a1ad633f36e,TCGA-A1-A0SP-01Z-00-DX1.20D689C6-EFA5-4694-BE76-24475A89ACC0.svs,1494.05,aa8c4f21-2fce-4ccb-b270-4a1ad633f36e/TCGA-A1-A0SP-01Z-00-DX1.20D689C6-EFA5-4694-BE76-24475A89ACC0.svs,aa8c4f21-2fce-4ccb-b270-4a1ad633f36e,TCGA-A1-A0SP-01Z-00-DX1,TCGA-A1-A0SP,TCGA-A1-A0SP-01Z,01,DX,1
TCGA-A2-A04P-DX1,TCGA-A2-A04P,DX1,DX,1,TCGA-A2-A04P-DX-1,471afecc-f0fb-4862-8474-b698feb6f2cb,TCGA-A2-A04P-01Z-00-DX1.5B481E02-D269-4732-8FDD-6494E6EE2B71.svs,912.76,471afecc-f0fb-4862-8474-b698feb6f2cb/TCGA-A2-A04P-01Z-00-DX1.5B481E02-D269-4732-8FDD-6494E6EE2B71.svs,471afecc-f0fb-4862-8474-b698feb6f2cb,TCGA-A2-A04P-01Z-00-DX1,TCGA-A2-A04P,TCGA-A2-A04P-01Z,01,DX,1
TCGA-A2-A04Q-DX1,TCGA-A2-A04Q,DX1,DX,1,TCGA-A2-A04Q-DX-1,eed08ded-9ed9-4896-b9f5-cb5a844a94ee,TCGA-A2-A04Q-01Z-00-DX1.DF7ED6B6-7701-486D-9007-F26B6F0682C4.svs,324.85,eed08ded-9ed9-4896-b9f5-cb5a844a94ee/TCGA-A2-A04Q-01Z-00-DX1.DF7ED6B6-7701-486D-9007-F26B6F0682C4.svs,eed08ded-9ed9-4896-b9f5-cb5a844a94ee,TCGA-A2-A04Q-01Z-00-DX1,TCGA-A2-A04Q,TCGA-A2-A04Q-01Z,01,DX,1
TCGA-A2-A04T-DX1,TCGA-A2-A04T,DX1,DX,1,TCGA-A2-A04T-DX-1,018f441c-62ba-4658-b110-e30bf8381856,TCGA-A2-A04T-01Z-00-DX1.71444266-BD56-4183-9603-C7AC20C9DA1E.svs,802.72,018f441c-62ba-4658-b110-e30bf8381856/TCGA-A2-A04T-01Z-00-DX1.71444266-BD56-4183-9603-C7AC20C9DA1E.svs,018f441c-62ba-4658-b110-e30bf8381856,TCGA-A2-A04T-01Z-00-DX1,TCGA-A2-A04T,TCGA-A2-A04T-01Z,01,DX,1
TCGA-A2-A0CM-DX1,TCGA-A2-A0CM,DX1,DX,1,TCGA-A2-A0CM-DX-1,7b58dd53-0764-466d-ba8a-630f5401dd65,TCGA-A2-A0CM-01Z-00-DX1.AC4901DE-4B6D-4185-BB9F-156033839828.svs,888.64,7b58dd53-0764-466d-ba8a-630f5401dd65/TCGA-A2-A0CM-01Z-00-DX1.AC4901DE-4B6D-4185-BB9F-156033839828.svs,7b58dd53-0764-466d-ba8a-630f5401dd65,TCGA-A2-A0CM-01Z-00-DX1,TCGA-A2-A0CM,TCGA-A2-A0CM-01Z,01,DX,1
TCGA-A2-A0D0-DX1,TCGA-A2-A0D0,DX1,DX,1,TCGA-A2-A0D0-DX-1,cd0b848f-b611-40ef-b643-987689b928fb,TCGA-A2-A0D0-01Z-00-DX1.4FF6B8E5-703B-400F-920A-104F56E0F874.svs,1096.04,cd0b848f-b611-40ef-b643-987689b928fb/TCGA-A2-A0D0-01Z-00-DX1.4FF6B8E5-703B-400F-920A-104F56E0F874.svs,cd0b848f-b611-40ef-b643-987689b928fb,TCGA-A2-A0D0-01Z-00-DX1,TCGA-A2-A0D0,TCGA-A2-A0D0-01Z,01,DX,1
TCGA-A2-A0ST-DX1,TCGA-A2-A0ST,DX1,DX,1,TCGA-A2-A0ST-DX-1,95ff8d8c-f9d3-40cd-8fd8-232b3163e680,TCGA-A2-A0ST-01Z-00-DX1.AE05A5DB-4861-40DE-B0F5-7955FC903A96.svs,688.95,95ff8d8c-f9d3-40cd-8fd8-232b3163e680/TCGA-A2-A0ST-01Z-00-DX1.AE05A5DB-4861-40DE-B0F5-7955FC903A96.svs,95ff8d8c-f9d3-40cd-8fd8-232b3163e680,TCGA-A2-A0ST-01Z-00-DX1,TCGA-A2-A0ST,TCGA-A2-A0ST-01Z,01,DX,1
TCGA-A2-A0SX-DX1,TCGA-A2-A0SX,DX1,DX,1,TCGA-A2-A0SX-DX-1,64093c9e-aebe-4367-adbb-3ea85e3234c9,TCGA-A2-A0SX-01Z-00-DX1.219A994C-8974-4458-98FA-FB1F14868E04.svs,1254.86,64093c9e-aebe-4367-adbb-3ea85e3234c9/TCGA-A2-A0SX-01Z-00-DX1.219A994C-8974-4458-98FA-FB1F14868E04.svs,64093c9e-aebe-4367-adbb-3ea85e3234c9,TCGA-A2-A0SX-01Z-00-DX1,TCGA-A2-A0SX,TCGA-A2-A0SX-01Z,01,DX,1
TCGA-A2-A0T0-DX1,TCGA-A2-A0T0,DX1,DX,1,TCGA-A2-A0T0-DX-1,5f2229b0-de23-4b4a-8531-7a82a9e2f614,TCGA-A2-A0T0-01Z-00-DX1.51F904DA-A4B5-4451-8AEF-58E7EF7651DB.svs,1486.84,5f2229b0-de23-4b4a-8531-7a82a9e2f614/TCGA-A2-A0T0-01Z-00-DX1.51F904DA-A4B5-4451-8AEF-58E7EF7651DB.svs,5f2229b0-de23-4b4a-8531-7a82a9e2f614,TCGA-A2-A0T0-01Z-00-DX1,TCGA-A2-A0T0,TCGA-A2-A0T0-01Z,01,DX,1
TCGA-A2-A0T2-DX1,TCGA-A2-A0T2,DX1,DX,1,TCGA-A2-A0T2-DX-1,33edbe63-b23a-4a41-b47a-629d132e3a14,TCGA-A2-A0T2-01Z-00-DX1.29A5C4C8-6AE8-44EE-98C2-ACBCBFBE9D60.svs,1897.4,33edbe63-b23a-4a41-b47a-629d132e3a14/TCGA-A2-A0T2-01Z-00-DX1.29A5C4C8-6AE8-44EE-98C2-ACBCBFBE9D60.svs,33edbe63-b23a-4a41-b47a-629d132e3a14,TCGA-A2-A0T2-01Z-00-DX1,TCGA-A2-A0T2,TCGA-A2-A0T2-01Z,01,DX,1
TCGA-A2-A0YE-DX1,TCGA-A2-A0YE,DX1,DX,1,TCGA-A2-A0YE-DX-1,b49b4c3d-90b8-4ea8-8c8a-9d25471a01fe,TCGA-A2-A0YE-01Z-00-DX1.8A2E3094-5755-42BC-969D-7F0A2ECA0F39.svs,1316.62,b49b4c3d-90b8-4ea8-8c8a-9d25471a01fe/TCGA-A2-A0YE-01Z-00-DX1.8A2E3094-5755-42BC-969D-7F0A2ECA0F39.svs,b49b4c3d-90b8-4ea8-8c8a-9d25471a01fe,TCGA-A2-A0YE-01Z-00-DX1,TCGA-A2-A0YE,TCGA-A2-A0YE-01Z,01,DX,1
TCGA-A2-A0YM-DX1,TCGA-A2-A0YM,DX1,DX,1,TCGA-A2-A0YM-DX-1,52f4cb6c-d5b2-4e12-b664-22e85c4ad780,TCGA-A2-A0YM-01Z-00-DX1.A48B4C96-2CC5-464C-98B7-F0F92AE56533.svs,823.07,52f4cb6c-d5b2-4e12-b664-22e85c4ad780/TCGA-A2-A0YM-01Z-00-DX1.A48B4C96-2CC5-464C-98B7-F0F92AE56533.svs,52f4cb6c-d5b2-4e12-b664-22e85c4ad780,TCGA-A2-A0YM-01Z-00-DX1,TCGA-A2-A0YM,TCGA-A2-A0YM-01Z,01,DX,1
TCGA-A2-A1G6-DX1,TCGA-A2-A1G6,DX1,DX,1,TCGA-A2-A1G6-DX-1,da475c4a-9172-47e4-b307-56d73dc6de12,TCGA-A2-A1G6-01Z-00-DX1.BCC3EC46-CEBF-4B37-BCF0-266D18170B54.svs,1103.38,da475c4a-9172-47e4-b307-56d73dc6de12/TCGA-A2-A1G6-01Z-00-DX1.BCC3EC46-CEBF-4B37-BCF0-266D18170B54.svs,da475c4a-9172-47e4-b307-56d73dc6de12,TCGA-A2-A1G6-01Z-00-DX1,TCGA-A2-A1G6,TCGA-A2-A1G6-01Z,01,DX,1
TCGA-A2-A3XS-DX1,TCGA-A2-A3XS,DX1,DX,1,TCGA-A2-A3XS-DX-1,d7b22b47-dd32-47d0-ad5d-b7271feda28c,TCGA-A2-A3XS-01Z-00-DX1.867925C0-91D8-40A0-9FEA-25A635AC31E7.svs,488.4,d7b22b47-dd32-47d0-ad5d-b7271feda28c/TCGA-A2-A3XS-01Z-00-DX1.867925C0-91D8-40A0-9FEA-25A635AC31E7.svs,d7b22b47-dd32-47d0-ad5d-b7271feda28c,TCGA-A2-A3XS-01Z-00-DX1,TCGA-A2-A3XS,TCGA-A2-A3XS-01Z,01,DX,1
TCGA-A2-A3XT-DX1,TCGA-A2-A3XT,DX1,DX,1,TCGA-A2-A3XT-DX-1,006984cf-35fc-4bc3-a0db-7f5b68de4a6e,TCGA-A2-A3XT-01Z-00-DX1.336D6C78-576A-481B-8C83-F3A0FC4B182C.svs,1277.81,006984cf-35fc-4bc3-a0db-7f5b68de4a6e/TCGA-A2-A3XT-01Z-00-DX1.336D6C78-576A-481B-8C83-F3A0FC4B182C.svs,006984cf-35fc-4bc3-a0db-7f5b68de4a6e,TCGA-A2-A3XT-01Z-00-DX1,TCGA-A2-A3XT,TCGA-A2-A3XT-01Z,01,DX,1
TCGA-A2-A3XU-DX1,TCGA-A2-A3XU,DX1,DX,1,TCGA-A2-A3XU-DX-1,87e7cf96-5ab5-4f26-b839-25cd31607c9c,TCGA-A2-A3XU-01Z-00-DX1.174A92D4-50B2-4A59-AD31-D5EC5BBF2F65.svs,1344.86,87e7cf96-5ab5-4f26-b839-25cd31607c9c/TCGA-A2-A3XU-01Z-00-DX1.174A92D4-50B2-4A59-AD31-D5EC5BBF2F65.svs,87e7cf96-5ab5-4f26-b839-25cd31607c9c,TCGA-A2-A3XU-01Z-00-DX1,TCGA-A2-A3XU,TCGA-A2-A3XU-01Z,01,DX,1
TCGA-A2-A3XX-DX1,TCGA-A2-A3XX,DX1,DX,1,TCGA-A2-A3XX-DX-1,dc23cc0b-fd4b-4b2d-a30e-bf8e9e2e4ddd,TCGA-A2-A3XX-01Z-00-DX1.03C6D70F-2833-4E97-91B7-DE70CD083D92.svs,986.82,dc23cc0b-fd4b-4b2d-a30e-bf8e9e2e4ddd/TCGA-A2-A3XX-01Z-00-DX1.03C6D70F-2833-4E97-91B7-DE70CD083D92.svs,dc23cc0b-fd4b-4b2d-a30e-bf8e9e2e4ddd,TCGA-A2-A3XX-01Z-00-DX1,TCGA-A2-A3XX,TCGA-A2-A3XX-01Z,01,DX,1
TCGA-A2-A3XY-DX1,TCGA-A2-A3XY,DX1,DX,1,TCGA-A2-A3XY-DX-1,45b31b73-adeb-4793-837f-8a9f957cffad,TCGA-A2-A3XY-01Z-00-DX1.E57FC9BF-411E-4028-AC10-8BCA5D0C8472.svs,881.88,45b31b73-adeb-4793-837f-8a9f957cffad/TCGA-A2-A3XY-01Z-00-DX1.E57FC9BF-411E-4028-AC10-8BCA5D0C8472.svs,45b31b73-adeb-4793-837f-8a9f957cffad,TCGA-A2-A3XY-01Z-00-DX1,TCGA-A2-A3XY,TCGA-A2-A3XY-01Z,01,DX,1
TCGA-A7-A0CE-DX1,TCGA-A7-A0CE,DX1,DX,1,TCGA-A7-A0CE-DX-1,2febbec8-5f9c-4a04-91b5-1b8baaf9c9a1,TCGA-A7-A0CE-01Z-00-DX1.E67322FB-ED25-4B85-B3B0-2B8BD277BB4A.svs,1161.6,2febbec8-5f9c-4a04-91b5-1b8baaf9c9a1/TCGA-A7-A0CE-01Z-00-DX1.E67322FB-ED25-4B85-B3B0-2B8BD277BB4A.svs,2febbec8-5f9c-4a04-91b5-1b8baaf9c9a1,TCGA-A7-A0CE-01Z-00-DX1,TCGA-A7-A0CE,TCGA-A7-A0CE-01Z,01,DX,1
TCGA-A7-A0DA-DX1,TCGA-A7-A0DA,DX1,DX,1,TCGA-A7-A0DA-DX-1,0c3f3ba3-7da4-4b1e-9bb9-2c58436b0d44,TCGA-A7-A0DA-01Z-00-DX1.5F087009-16E9-4A07-BA24-62340E108B17.svs,671.12,0c3f3ba3-7da4-4b1e-9bb9-2c58436b0d44/TCGA-A7-A0DA-01Z-00-DX1.5F087009-16E9-4A07-BA24-62340E108B17.svs,0c3f3ba3-7da4-4b1e-9bb9-2c58436b0d44,TCGA-A7-A0DA-01Z-00-DX1,TCGA-A7-A0DA,TCGA-A7-A0DA-01Z,01,DX,1
TCGA-A7-A26I-DX1,TCGA-A7-A26I,DX1,DX,1,TCGA-A7-A26I-DX-1,f4c82dfb-bcb5-42d4-968c-6185ef7fd0b0,TCGA-A7-A26I-01Z-00-DX1.0077D012-BC14-4E96-84F7-A1A6A3A778DF.svs,301.5,f4c82dfb-bcb5-42d4-968c-6185ef7fd0b0/TCGA-A7-A26I-01Z-00-DX1.0077D012-BC14-4E96-84F7-A1A6A3A778DF.svs,f4c82dfb-bcb5-42d4-968c-6185ef7fd0b0,TCGA-A7-A26I-01Z-00-DX1,TCGA-A7-A26I,TCGA-A7-A26I-01Z,01,DX,1
TCGA-A7-A4SD-DX1,TCGA-A7-A4SD,DX1,DX,1,TCGA-A7-A4SD-DX-1,d93f9856-6d0e-4e03-bef8-3e47a19bd839,TCGA-A7-A4SD-01Z-00-DX1.677152B3-17B2-42DB-AEEC-C9509ACCE831.svs,456.35,d93f9856-6d0e-4e03-bef8-3e47a19bd839/TCGA-A7-A4SD-01Z-00-DX1.677152B3-17B2-42DB-AEEC-C9509ACCE831.svs,d93f9856-6d0e-4e03-bef8-3e47a19bd839,TCGA-A7-A4SD-01Z-00-DX1,TCGA-A7-A4SD,TCGA-A7-A4SD-01Z,01,DX,1
TCGA-A7-A4SE-DX1,TCGA-A7-A4SE,DX1,DX,1,TCGA-A7-A4SE-DX-1,1d5164fc-1ee7-42b3-906f-20465385eb7b,TCGA-A7-A4SE-01Z-00-DX1.16BC8401-E40E-4A1A-9BD9-12735C9AE3F6.svs,454.01,1d5164fc-1ee7-42b3-906f-20465385eb7b/TCGA-A7-A4SE-01Z-00-DX1.16BC8401-E40E-4A1A-9BD9-12735C9AE3F6.svs,1d5164fc-1ee7-42b3-906f-20465385eb7b,TCGA-A7-A4SE-01Z-00-DX1,TCGA-A7-A4SE,TCGA-A7-A4SE-01Z,01,DX,1
TCGA-A7-A6VV-DX1,TCGA-A7-A6VV,DX1,DX,1,TCGA-A7-A6VV-DX-1,4d69d2e0-aca4-4063-ae33-a19d213d8fa1,TCGA-A7-A6VV-01Z-00-DX1.07AE0E16-A883-4C86-BC74-4E13081175F2.svs,338.04,4d69d2e0-aca4-4063-ae33-a19d213d8fa1/TCGA-A7-A6VV-01Z-00-DX1.07AE0E16-A883-4C86-BC74-4E13081175F2.svs,4d69d2e0-aca4-4063-ae33-a19d213d8fa1,TCGA-A7-A6VV-01Z-00-DX1,TCGA-A7-A6VV,TCGA-A7-A6VV-01Z,01,DX,1
TCGA-A7-A6VW-DX1,TCGA-A7-A6VW,DX1,DX,1,TCGA-A7-A6VW-DX-1,489fe1a1-3b63-417f-883f-a8db190c7c78,TCGA-A7-A6VW-01Z-00-DX1.1BC4790C-DB45-4A3D-9C97-92C92C03FF60.svs,423.58,489fe1a1-3b63-417f-883f-a8db190c7c78/TCGA-A7-A6VW-01Z-00-DX1.1BC4790C-DB45-4A3D-9C97-92C92C03FF60.svs,489fe1a1-3b63-417f-883f-a8db190c7c78,TCGA-A7-A6VW-01Z-00-DX1,TCGA-A7-A6VW,TCGA-A7-A6VW-01Z,01,DX,1
TCGA-A7-A6VY-DX1,TCGA-A7-A6VY,DX1,DX,1,TCGA-A7-A6VY-DX-1,762388c4-b240-467a-bc17-d2f60972f9bf,TCGA-A7-A6VY-01Z-00-DX1.38D4EBD7-40B0-4EE3-960A-1F00E8F83ADB.svs,243.86,762388c4-b240-467a-bc17-d2f60972f9bf/TCGA-A7-A6VY-01Z-00-DX1.38D4EBD7-40B0-4EE3-960A-1F00E8F83ADB.svs,762388c4-b240-467a-bc17-d2f60972f9bf,TCGA-A7-A6VY-01Z-00-DX1,TCGA-A7-A6VY,TCGA-A7-A6VY-01Z,01,DX,1
TCGA-AC-A2BK-DX1,TCGA-AC-A2BK,DX1,DX,1,TCGA-AC-A2BK-DX-1,b75945dc-466b-439e-8edb-0ac9bfcbf873,TCGA-AC-A2BK-01Z-00-DX1.A3A1F275-9CDC-48BA-BB81-BCA6F02ACA94.svs,233.25,b75945dc-466b-439e-8edb-0ac9bfcbf873/TCGA-AC-A2BK-01Z-00-DX1.A3A1F275-9CDC-48BA-BB81-BCA6F02ACA94.svs,b75945dc-466b-439e-8edb-0ac9bfcbf873,TCGA-AC-A2BK-01Z-00-DX1,TCGA-AC-A2BK,TCGA-AC-A2BK-01Z,01,DX,1
TCGA-AC-A6IW-DX1,TCGA-AC-A6IW,DX1,DX,1,TCGA-AC-A6IW-DX-1,24c1a3c2-cef7-48a3-9d76-3ded34894107,TCGA-AC-A6IW-01Z-00-DX1.C4514189-E64F-4603-8970-230FA2BB77FC.svs,117.76,24c1a3c2-cef7-48a3-9d76-3ded34894107/TCGA-AC-A6IW-01Z-00-DX1.C4514189-E64F-4603-8970-230FA2BB77FC.svs,24c1a3c2-cef7-48a3-9d76-3ded34894107,TCGA-AC-A6IW-01Z-00-DX1,TCGA-AC-A6IW,TCGA-AC-A6IW-01Z,01,DX,1
TCGA-AN-A0AL-DX1,TCGA-AN-A0AL,DX1,DX,1,TCGA-AN-A0AL-DX-1,471a120c-a28e-4e29-b53a-4dc7e3b7c33d,TCGA-AN-A0AL-01Z-00-DX1.D9E446A3-175F-4242-AFC1-78FFE3FC9AC4.svs,1244.07,471a120c-a28e-4e29-b53a-4dc7e3b7c33d/TCGA-AN-A0AL-01Z-00-DX1.D9E446A3-175F-4242-AFC1-78FFE3FC9AC4.svs,471a120c-a28e-4e29-b53a-4dc7e3b7c33d,TCGA-AN-A0AL-01Z-00-DX1,TCGA-AN-A0AL,TCGA-AN-A0AL-01Z,01,DX,1
TCGA-AN-A0AR-DX1,TCGA-AN-A0AR,DX1,DX,1,TCGA-AN-A0AR-DX-1,eb11b68f-3c11-466f-963b-a09f10047b7a,TCGA-AN-A0AR-01Z-00-DX1.0CF1267E-C61B-4928-875E-59032F838F07.svs,1047.6,eb11b68f-3c11-466f-963b-a09f10047b7a/TCGA-AN-A0AR-01Z-00-DX1.0CF1267E-C61B-4928-875E-59032F838F07.svs,eb11b68f-3c11-466f-963b-a09f10047b7a,TCGA-AN-A0AR-01Z-00-DX1,TCGA-AN-A0AR,TCGA-AN-A0AR-01Z,01,DX,1
TCGA-AN-A0AT-DX1,TCGA-AN-A0AT,DX1,DX,1,TCGA-AN-A0AT-DX-1,fc73a031-4820-4e2b-a481-deef427a2206,TCGA-AN-A0AT-01Z-00-DX1.DFD68CD2-C25E-47BE-BC06-8CE3C657B9FD.svs,1098.77,fc73a031-4820-4e2b-a481-deef427a2206/TCGA-AN-A0AT-01Z-00-DX1.DFD68CD2-C25E-47BE-BC06-8CE3C657B9FD.svs,fc73a031-4820-4e2b-a481-deef427a2206,TCGA-AN-A0AT-01Z-00-DX1,TCGA-AN-A0AT,TCGA-AN-A0AT-01Z,01,DX,1
TCGA-AN-A0G0-DX1,TCGA-AN-A0G0,DX1,DX,1,TCGA-AN-A0G0-DX-1,becdc638-0733-45f8-8ebc-41a607c42304,TCGA-AN-A0G0-01Z-00-DX1.BE0BB5DF-DEDA-48D8-B5D8-2735C767F28F.svs,364.82,becdc638-0733-45f8-8ebc-41a607c42304/TCGA-AN-A0G0-01Z-00-DX1.BE0BB5DF-DEDA-48D8-B5D8-2735C767F28F.svs,becdc638-0733-45f8-8ebc-41a607c42304,TCGA-AN-A0G0-01Z-00-DX1,TCGA-AN-A0G0,TCGA-AN-A0G0-01Z,01,DX,1
TCGA-AN-A0XU-DX1,TCGA-AN-A0XU,DX1,DX,1,TCGA-AN-A0XU-DX-1,d506d590-05fe-4d0c-ae8e-2e4ba54923af,TCGA-AN-A0XU-01Z-00-DX1.6B0DD0FF-A20D-4BA2-8D48-FC357BA5313F.svs,558.92,d506d590-05fe-4d0c-ae8e-2e4ba54923af/TCGA-AN-A0XU-01Z-00-DX1.6B0DD0FF-A20D-4BA2-8D48-FC357BA5313F.svs,d506d590-05fe-4d0c-ae8e-2e4ba54923af,TCGA-AN-A0XU-01Z-00-DX1,TCGA-AN-A0XU,TCGA-AN-A0XU-01Z,01,DX,1
TCGA-AO-A0J2-DX1,TCGA-AO-A0J2,DX1,DX,1,TCGA-AO-A0J2-DX-1,ab551a99-b3c7-4df9-a8e1-e36069d2b0dd,TCGA-AO-A0J2-01Z-00-DX1.7C9FEC7B-6040-4C58-9563-D10C0D7AC72E.svs,204.73,ab551a99-b3c7-4df9-a8e1-e36069d2b0dd/TCGA-AO-A0J2-01Z-00-DX1.7C9FEC7B-6040-4C58-9563-D10C0D7AC72E.svs,ab551a99-b3c7-4df9-a8e1-e36069d2b0dd,TCGA-AO-A0J2-01Z-00-DX1,TCGA-AO-A0J2,TCGA-AO-A0J2-01Z,01,DX,1
TCGA-AO-A0J4-DX1,TCGA-AO-A0J4,DX1,DX,1,TCGA-AO-A0J4-DX-1,792cab5a-a944-4a87-9f68-364845db8c45,TCGA-AO-A0J4-01Z-00-DX1.2EFC978E-8DF5-4254-9598-C0910B17C5C8.svs,538.42,792cab5a-a944-4a87-9f68-364845db8c45/TCGA-AO-A0J4-01Z-00-DX1.2EFC978E-8DF5-4254-9598-C0910B17C5C8.svs,792cab5a-a944-4a87-9f68-364845db8c45,TCGA-AO-A0J4-01Z-00-DX1,TCGA-AO-A0J4,TCGA-AO-A0J4-01Z,01,DX,1
TCGA-AO-A0J6-DX1,TCGA-AO-A0J6,DX1,DX,1,TCGA-AO-A0J6-DX-1,c4905820-3617-43de-b4f4-737d75d792d2,TCGA-AO-A0J6-01Z-00-DX1.D0C003CE-E112-4375-953D-78404C9D62DA.svs,1043.61,c4905820-3617-43de-b4f4-737d75d792d2/TCGA-AO-A0J6-01Z-00-DX1.D0C003CE-E112-4375-953D-78404C9D62DA.svs,c4905820-3617-43de-b4f4-737d75d792d2,TCGA-AO-A0J6-01Z-00-DX1,TCGA-AO-A0J6,TCGA-AO-A0J6-01Z,01,DX,1
TCGA-AO-A124-DX1,TCGA-AO-A124,DX1,DX,1,TCGA-AO-A124-DX-1,127398d0-9372-431e-92bf-fd5589fca3f2,TCGA-AO-A124-01Z-00-DX1.E3C7B017-6154-4630-9BDE-0CAC946D0209.svs,439.35,127398d0-9372-431e-92bf-fd5589fca3f2/TCGA-AO-A124-01Z-00-DX1.E3C7B017-6154-4630-9BDE-0CAC946D0209.svs,127398d0-9372-431e-92bf-fd5589fca3f2,TCGA-AO-A124-01Z-00-DX1,TCGA-AO-A124,TCGA-AO-A124-01Z,01,DX,1
TCGA-AO-A129-DX1,TCGA-AO-A129,DX1,DX,1,TCGA-AO-A129-DX-1,58debf6e-1fde-435b-b990-286ec6aadbfa,TCGA-AO-A129-01Z-00-DX1.BF485416-BF57-4F39-866B-4B1E201876FA.svs,809.94,58debf6e-1fde-435b-b990-286ec6aadbfa/TCGA-AO-A129-01Z-00-DX1.BF485416-BF57-4F39-866B-4B1E201876FA.svs,58debf6e-1fde-435b-b990-286ec6aadbfa,TCGA-AO-A129-01Z-00-DX1,TCGA-AO-A129,TCGA-AO-A129-01Z,01,DX,1
TCGA-AO-A12F-DX1,TCGA-AO-A12F,DX1,DX,1,TCGA-AO-A12F-DX-1,60439acf-de72-4e52-921e-d5fb6f73cf66,TCGA-AO-A12F-01Z-00-DX1.847C8E4F-3F37-4B1D-8E6E-ACD14391AD89.svs,1253.26,60439acf-de72-4e52-921e-d5fb6f73cf66/TCGA-AO-A12F-01Z-00-DX1.847C8E4F-3F37-4B1D-8E6E-ACD14391AD89.svs,60439acf-de72-4e52-921e-d5fb6f73cf66,TCGA-AO-A12F-01Z-00-DX1,TCGA-AO-A12F,TCGA-AO-A12F-01Z,01,DX,1
TCGA-AO-A1KR-DX1,TCGA-AO-A1KR,DX1,DX,1,TCGA-AO-A1KR-DX-1,147ed357-9e92-44fb-8b01-312e148cd525,TCGA-AO-A1KR-01Z-00-DX1.BFB2E69B-E23C-4542-9CBF-EDD040B985AC.svs,657.23,147ed357-9e92-44fb-8b01-312e148cd525/TCGA-AO-A1KR-01Z-00-DX1.BFB2E69B-E23C-4542-9CBF-EDD040B985AC.svs,147ed357-9e92-44fb-8b01-312e148cd525,TCGA-AO-A1KR-01Z-00-DX1,TCGA-AO-A1KR,TCGA-AO-A1KR-01Z,01,DX,1
TCGA-AQ-A04J-DX1,TCGA-AQ-A04J,DX1,DX,1,TCGA-AQ-A04J-DX-1,bf69d525-0c0e-409d-a574-f23549c5c130,TCGA-AQ-A04J-01Z-00-DX1.6A4E16D4-2696-4E5F-BCA8-708556FC3A8C.svs,988.91,bf69d525-0c0e-409d-a574-f23549c5c130/TCGA-AQ-A04J-01Z-00-DX1.6A4E16D4-2696-4E5F-BCA8-708556FC3A8C.svs,bf69d525-0c0e-409d-a574-f23549c5c130,TCGA-AQ-A04J-01Z-00-DX1,TCGA-AQ-A04J,TCGA-AQ-A04J-01Z,01,DX,1
TCGA-AQ-A54N-DX1,TCGA-AQ-A54N,DX1,DX,1,TCGA-AQ-A54N-DX-1,6a2dd5e8-75f8-4fc6-be5b-184443740f36,TCGA-AQ-A54N-01Z-00-DX1.E53271E9-AFD2-4071-9B1E-CD05F63B8136.svs,723.47,6a2dd5e8-75f8-4fc6-be5b-184443740f36/TCGA-AQ-A54N-01Z-00-DX1.E53271E9-AFD2-4071-9B1E-CD05F63B8136.svs,6a2dd5e8-75f8-4fc6-be5b-184443740f36,TCGA-AQ-A54N-01Z-00-DX1,TCGA-AQ-A54N,TCGA-AQ-A54N-01Z,01,DX,1
TCGA-AR-A0TS-DX1,TCGA-AR-A0TS,DX1,DX,1,TCGA-AR-A0TS-DX-1,de7f94cb-e730-464b-8012-c2600c5e6510,TCGA-AR-A0TS-01Z-00-DX1.2DB81A2E-16C1-4EE0-8175-65FA46768277.svs,2288.58,de7f94cb-e730-464b-8012-c2600c5e6510/TCGA-AR-A0TS-01Z-00-DX1.2DB81A2E-16C1-4EE0-8175-65FA46768277.svs,de7f94cb-e730-464b-8012-c2600c5e6510,TCGA-AR-A0TS-01Z-00-DX1,TCGA-AR-A0TS,TCGA-AR-A0TS-01Z,01,DX,1
TCGA-AR-A0TU-DX1,TCGA-AR-A0TU,DX1,DX,1,TCGA-AR-A0TU-DX-1,ca1f5e9c-2943-4cfd-829b-ad7713f49fa0,TCGA-AR-A0TU-01Z-00-DX1.2CBBDDAB-C1DD-4205-A555-431542F9C069.svs,1612.65,ca1f5e9c-2943-4cfd-829b-ad7713f49fa0/TCGA-AR-A0TU-01Z-00-DX1.2CBBDDAB-C1DD-4205-A555-431542F9C069.svs,ca1f5e9c-2943-4cfd-829b-ad7713f49fa0,TCGA-AR-A0TU-01Z-00-DX1,TCGA-AR-A0TU,TCGA-AR-A0TU-01Z,01,DX,1
TCGA-AR-A0U1-DX1,TCGA-AR-A0U1,DX1,DX,1,TCGA-AR-A0U1-DX-1,4fa9d2cb-379e-4183-b5c6-a8ba2a15ee57,TCGA-AR-A0U1-01Z-00-DX1.276433E7-E841-42D2-AF21-762F2FEA3B9B.svs,884.7,4fa9d2cb-379e-4183-b5c6-a8ba2a15ee57/TCGA-AR-A0U1-01Z-00-DX1.276433E7-E841-42D2-AF21-762F2FEA3B9B.svs,4fa9d2cb-379e-4183-b5c6-a8ba2a15ee57,TCGA-AR-A0U1-01Z-00-DX1,TCGA-AR-A0U1,TCGA-AR-A0U1-01Z,01,DX,1
TCGA-AR-A0U4-DX1,TCGA-AR-A0U4,DX1,DX,1,TCGA-AR-A0U4-DX-1,e48d2be6-883f-444a-bb71-405bffbf8b4f,TCGA-AR-A0U4-01Z-00-DX1.DE722DC5-859D-4866-ADCC-ED98EDBFB588.svs,1642.31,e48d2be6-883f-444a-bb71-405bffbf8b4f/TCGA-AR-A0U4-01Z-00-DX1.DE722DC5-859D-4866-ADCC-ED98EDBFB588.svs,e48d2be6-883f-444a-bb71-405bffbf8b4f,TCGA-AR-A0U4-01Z-00-DX1,TCGA-AR-A0U4,TCGA-AR-A0U4-01Z,01,DX,1
TCGA-AR-A1AQ-DX1,TCGA-AR-A1AQ,DX1,DX,1,TCGA-AR-A1AQ-DX-1,254121b2-ad2b-48c7-8556-a9ed304bf472,TCGA-AR-A1AQ-01Z-00-DX1.09D5D7FC-0FA8-4176-94B2-995F44D8ED4C.svs,786.51,254121b2-ad2b-48c7-8556-a9ed304bf472/TCGA-AR-A1AQ-01Z-00-DX1.09D5D7FC-0FA8-4176-94B2-995F44D8ED4C.svs,254121b2-ad2b-48c7-8556-a9ed304bf472,TCGA-AR-A1AQ-01Z-00-DX1,TCGA-AR-A1AQ,TCGA-AR-A1AQ-01Z,01,DX,1
TCGA-AR-A1AR-DX1,TCGA-AR-A1AR,DX1,DX,1,TCGA-AR-A1AR-DX-1,742e81be-ad02-4e99-bc69-9cb1d44228ca,TCGA-AR-A1AR-01Z-00-DX1.E7B7F6F0-9CC0-4D4F-8C9F-443A74D2BE40.svs,627.33,742e81be-ad02-4e99-bc69-9cb1d44228ca/TCGA-AR-A1AR-01Z-00-DX1.E7B7F6F0-9CC0-4D4F-8C9F-443A74D2BE40.svs,742e81be-ad02-4e99-bc69-9cb1d44228ca,TCGA-AR-A1AR-01Z-00-DX1,TCGA-AR-A1AR,TCGA-AR-A1AR-01Z,01,DX,1
TCGA-AR-A1AY-DX1,TCGA-AR-A1AY,DX1,DX,1,TCGA-AR-A1AY-DX-1,266c3852-f5d0-4815-94d9-dac5b0ff8276,TCGA-AR-A1AY-01Z-00-DX1.6AC0BE3B-FFC5-4EDA-9E40-B18CAAC52B81.svs,875.91,266c3852-f5d0-4815-94d9-dac5b0ff8276/TCGA-AR-A1AY-01Z-00-DX1.6AC0BE3B-FFC5-4EDA-9E40-B18CAAC52B81.svs,266c3852-f5d0-4815-94d9-dac5b0ff8276,TCGA-AR-A1AY-01Z-00-DX1,TCGA-AR-A1AY,TCGA-AR-A1AY-01Z,01,DX,1
TCGA-AR-A256-DX1,TCGA-AR-A256,DX1,DX,1,TCGA-AR-A256-DX-1,8ffdde89-cb67-4707-a00c-b8d3089a7bf5,TCGA-AR-A256-01Z-00-DX1.950D4546-4BF4-4380-9877-51D86A93D755.svs,695.52,8ffdde89-cb67-4707-a00c-b8d3089a7bf5/TCGA-AR-A256-01Z-00-DX1.950D4546-4BF4-4380-9877-51D86A93D755.svs,8ffdde89-cb67-4707-a00c-b8d3089a7bf5,TCGA-AR-A256-01Z-00-DX1,TCGA-AR-A256,TCGA-AR-A256-01Z,01,DX,1
TCGA-BH-A0AV-DX1,TCGA-BH-A0AV,DX1,DX,1,TCGA-BH-A0AV-DX-1,52712e45-85a3-484e-aff2-51eb6ad42daf,TCGA-BH-A0AV-01Z-00-DX1.5A686DA4-A29D-4BA7-9BCA-B707F8755E83.svs,1125.73,52712e45-85a3-484e-aff2-51eb6ad42daf/TCGA-BH-A0AV-01Z-00-DX1.5A686DA4-A29D-4BA7-9BCA-B707F8755E83.svs,52712e45-85a3-484e-aff2-51eb6ad42daf,TCGA-BH-A0AV-01Z-00-DX1,TCGA-BH-A0AV,TCGA-BH-A0AV-01Z,01,DX,1
TCGA-BH-A0B3-DX1,TCGA-BH-A0B3,DX1,DX,1,TCGA-BH-A0B3-DX-1,20c648d7-3d5c-490b-8820-5a11dcc5e592,TCGA-BH-A0B3-01Z-00-DX1.90CB0ED5-FBB7-4ABF-93A0-DD88D60D3D55.svs,1394.71,20c648d7-3d5c-490b-8820-5a11dcc5e592/TCGA-BH-A0B3-01Z-00-DX1.90CB0ED5-FBB7-4ABF-93A0-DD88D60D3D55.svs,20c648d7-3d5c-490b-8820-5a11dcc5e592,TCGA-BH-A0B3-01Z-00-DX1,TCGA-BH-A0B3,TCGA-BH-A0B3-01Z,01,DX,1
TCGA-BH-A0B9-DX1,TCGA-BH-A0B9,DX1,DX,1,TCGA-BH-A0B9-DX-1,745c5fd8-def8-46f7-84bd-ea6c573156fd,TCGA-BH-A0B9-01Z-00-DX1.C23ADB4C-52D4-4DFD-B8E3-156E43F0E645.svs,1358.38,745c5fd8-def8-46f7-84bd-ea6c573156fd/TCGA-BH-A0B9-01Z-00-DX1.C23ADB4C-52D4-4DFD-B8E3-156E43F0E645.svs,745c5fd8-def8-46f7-84bd-ea6c573156fd,TCGA-BH-A0B9-01Z-00-DX1,TCGA-BH-A0B9,TCGA-BH-A0B9-01Z,01,DX,1
TCGA-BH-A0BG-DX1,TCGA-BH-A0BG,DX1,DX,1,TCGA-BH-A0BG-DX-1,c5331e5e-10b4-4979-958b-d4592a2805de,TCGA-BH-A0BG-01Z-00-DX1.0838FB7F-8C85-4687-9F70-D136A1063383.svs,690.57,c5331e5e-10b4-4979-958b-d4592a2805de/TCGA-BH-A0BG-01Z-00-DX1.0838FB7F-8C85-4687-9F70-D136A1063383.svs,c5331e5e-10b4-4979-958b-d4592a2805de,TCGA-BH-A0BG-01Z-00-DX1,TCGA-BH-A0BG,TCGA-BH-A0BG-01Z,01,DX,1
TCGA-BH-A0BL-DX1,TCGA-BH-A0BL,DX1,DX,1,TCGA-BH-A0BL-DX-1,8c813d3f-9633-478f-ad25-35b867357c77,TCGA-BH-A0BL-01Z-00-DX1.D5A413B0-2141-4A6F-A671-6C5EA8641D25.svs,1025.03,8c813d3f-9633-478f-ad25-35b867357c77/TCGA-BH-A0BL-01Z-00-DX1.D5A413B0-2141-4A6F-A671-6C5EA8641D25.svs,8c813d3f-9633-478f-ad25-35b867357c77,TCGA-BH-A0BL-01Z-00-DX1,TCGA-BH-A0BL,TCGA-BH-A0BL-01Z,01,DX,1
TCGA-BH-A0BW-DX1,TCGA-BH-A0BW,DX1,DX,1,TCGA-BH-A0BW-DX-1,6d60c330-228b-4cba-bc0a-93c502d7f523,TCGA-BH-A0BW-01Z-00-DX1.39B0C363-46A2-4FFB-B1C5-C054A86F4A25.svs,1309.14,6d60c330-228b-4cba-bc0a-93c502d7f523/TCGA-BH-A0BW-01Z-00-DX1.39B0C363-46A2-4FFB-B1C5-C054A86F4A25.svs,6d60c330-228b-4cba-bc0a-93c502d7f523,TCGA-BH-A0BW-01Z-00-DX1,TCGA-BH-A0BW,TCGA-BH-A0BW-01Z,01,DX,1
TCGA-BH-A0E0-DX1,TCGA-BH-A0E0,DX1,DX,1,TCGA-BH-A0E0-DX-1,949a4e4a-824a-422c-ab4f-e1860818074c,TCGA-BH-A0E0-01Z-00-DX1.01E88024-83DF-4282-ABAF-F4E35807DA06.svs,1539.44,949a4e4a-824a-422c-ab4f-e1860818074c/TCGA-BH-A0E0-01Z-00-DX1.01E88024-83DF-4282-ABAF-F4E35807DA06.svs,949a4e4a-824a-422c-ab4f-e1860818074c,TCGA-BH-A0E0-01Z-00-DX1,TCGA-BH-A0E0,TCGA-BH-A0E0-01Z,01,DX,1
TCGA-BH-A0E6-DX1,TCGA-BH-A0E6,DX1,DX,1,TCGA-BH-A0E6-DX-1,e0a1cb42-c419-4f82-ba87-4bd881ce603a,TCGA-BH-A0E6-01Z-00-DX1.44DFEFB4-FA05-4246-8D6B-55BA8C3275DB.svs,983.84,e0a1cb42-c419-4f82-ba87-4bd881ce603a/TCGA-BH-A0E6-01Z-00-DX1.44DFEFB4-FA05-4246-8D6B-55BA8C3275DB.svs,e0a1cb42-c419-4f82-ba87-4bd881ce603a,TCGA-BH-A0E6-01Z-00-DX1,TCGA-BH-A0E6,TCGA-BH-A0E6-01Z,01,DX,1
TCGA-BH-A0RX-DX1,TCGA-BH-A0RX,DX1,DX,1,TCGA-BH-A0RX-DX-1,e19be2bd-3482-4612-b9de-5027eae356f7,TCGA-BH-A0RX-01Z-00-DX1.B4ABAFB9-6696-4F22-9468-DA56E1AD32D3.svs,1632.64,e19be2bd-3482-4612-b9de-5027eae356f7/TCGA-BH-A0RX-01Z-00-DX1.B4ABAFB9-6696-4F22-9468-DA56E1AD32D3.svs,e19be2bd-3482-4612-b9de-5027eae356f7,TCGA-BH-A0RX-01Z-00-DX1,TCGA-BH-A0RX,TCGA-BH-A0RX-01Z,01,DX,1
TCGA-BH-A0WA-DX1,TCGA-BH-A0WA,DX1,DX,1,TCGA-BH-A0WA-DX-1,4bc7607b-c1e3-4394-8e6f-0a343d79eddd,TCGA-BH-A0WA-01Z-00-DX1.C0EB7B73-5529-49EC-B660-3F849B041963.svs,819.85,4bc7607b-c1e3-4394-8e6f-0a343d79eddd/TCGA-BH-A0WA-01Z-00-DX1.C0EB7B73-5529-49EC-B660-3F849B041963.svs,4bc7607b-c1e3-4394-8e6f-0a343d79eddd,TCGA-BH-A0WA-01Z-00-DX1,TCGA-BH-A0WA,TCGA-BH-A0WA-01Z,01,DX,1
TCGA-BH-A18G-DX1,TCGA-BH-A18G,DX1,DX,1,TCGA-BH-A18G-DX-1,36c5fcb4-8df6-448d-9521-7e15fe1b7633,TCGA-BH-A18G-01Z-00-DX1.DB2B5819-CE83-4E07-BD03-2CD9CF2E246C.svs,330.74,36c5fcb4-8df6-448d-9521-7e15fe1b7633/TCGA-BH-A18G-01Z-00-DX1.DB2B5819-CE83-4E07-BD03-2CD9CF2E246C.svs,36c5fcb4-8df6-448d-9521-7e15fe1b7633,TCGA-BH-A18G-01Z-00-DX1,TCGA-BH-A18G,TCGA-BH-A18G-01Z,01,DX,1
TCGA-BH-A18V-DX1,TCGA-BH-A18V,DX1,DX,1,TCGA-BH-A18V-DX-1,a5fef0d4-d358-490d-aca4-8c1eae62be3d,TCGA-BH-A18V-01Z-00-DX1.7797760A-05CD-436E-97DA-31D6201F943B.svs,1166.16,a5fef0d4-d358-490d-aca4-8c1eae62be3d/TCGA-BH-A18V-01Z-00-DX1.7797760A-05CD-436E-97DA-31D6201F943B.svs,a5fef0d4-d358-490d-aca4-8c1eae62be3d,TCGA-BH-A18V-01Z-00-DX1,TCGA-BH-A18V,TCGA-BH-A18V-01Z,01,DX,1
TCGA-BH-A1EW-DX1,TCGA-BH-A1EW,DX1,DX,1,TCGA-BH-A1EW-DX-1,e1af8899-f47a-4599-9f8e-f152c0056b45,TCGA-BH-A1EW-01Z-00-DX1.A6A5F9C5-FB97-4DA3-A1EA-1F84BC006681.svs,1142.61,e1af8899-f47a-4599-9f8e-f152c0056b45/TCGA-BH-A1EW-01Z-00-DX1.A6A5F9C5-FB97-4DA3-A1EA-1F84BC006681.svs,e1af8899-f47a-4599-9f8e-f152c0056b45,TCGA-BH-A1EW-01Z-00-DX1,TCGA-BH-A1EW,TCGA-BH-A1EW-01Z,01,DX,1
TCGA-BH-A1F6-DX1,TCGA-BH-A1F6,DX1,DX,1,TCGA-BH-A1F6-DX-1,66cfc895-af23-4992-9e27-ad3988b54af7,TCGA-BH-A1F6-01Z-00-DX1.E83F0DC0-EA2C-4641-81B0-8702B9C5D579.svs,905.96,66cfc895-af23-4992-9e27-ad3988b54af7/TCGA-BH-A1F6-01Z-00-DX1.E83F0DC0-EA2C-4641-81B0-8702B9C5D579.svs,66cfc895-af23-4992-9e27-ad3988b54af7,TCGA-BH-A1F6-01Z-00-DX1,TCGA-BH-A1F6,TCGA-BH-A1F6-01Z,01,DX,1
TCGA-C8-A12V-DX1,TCGA-C8-A12V,DX1,DX,1,TCGA-C8-A12V-DX-1,c92280a3-2025-463e-b791-1946c09964dd,TCGA-C8-A12V-01Z-00-DX1.84B29360-B87B-4648-A697-B6610336C2BB.svs,1257.36,c92280a3-2025-463e-b791-1946c09964dd/TCGA-C8-A12V-01Z-00-DX1.84B29360-B87B-4648-A697-B6610336C2BB.svs,c92280a3-2025-463e-b791-1946c09964dd,TCGA-C8-A12V-01Z-00-DX1,TCGA-C8-A12V,TCGA-C8-A12V-01Z,01,DX,1
TCGA-C8-A131-DX1,TCGA-C8-A131,DX1,DX,1,TCGA-C8-A131-DX-1,d42eb4ce-d300-46be-8b46-059a98c2ddb8,TCGA-C8-A131-01Z-00-DX1.5CB27A29-9951-40B9-B4DB-26A4D2EA89B8.svs,829.86,d42eb4ce-d300-46be-8b46-059a98c2ddb8/TCGA-C8-A131-01Z-00-DX1.5CB27A29-9951-40B9-B4DB-26A4D2EA89B8.svs,d42eb4ce-d300-46be-8b46-059a98c2ddb8,TCGA-C8-A131-01Z-00-DX1,TCGA-C8-A131,TCGA-C8-A131-01Z,01,DX,1
TCGA-C8-A1HJ-DX1,TCGA-C8-A1HJ,DX1,DX,1,TCGA-C8-A1HJ-DX-1,7c18fde2-b392-4ae1-a711-1bd707f5800e,TCGA-C8-A1HJ-01Z-00-DX1.745159F1-85E7-4CC0-B088-E1CA91916FB8.svs,914.72,7c18fde2-b392-4ae1-a711-1bd707f5800e/TCGA-C8-A1HJ-01Z-00-DX1.745159F1-85E7-4CC0-B088-E1CA91916FB8.svs,7c18fde2-b392-4ae1-a711-1bd707f5800e,TCGA-C8-A1HJ-01Z-00-DX1,TCGA-C8-A1HJ,TCGA-C8-A1HJ-01Z,01,DX,1
TCGA-C8-A26Y-DX1,TCGA-C8-A26Y,DX1,DX,1,TCGA-C8-A26Y-DX-1,53813098-8298-463a-a940-d4dc708dfffa,TCGA-C8-A26Y-01Z-00-DX1.166EE604-4EF3-401D-99E9-3A9711316CC4.svs,470.57,53813098-8298-463a-a940-d4dc708dfffa/TCGA-C8-A26Y-01Z-00-DX1.166EE604-4EF3-401D-99E9-3A9711316CC4.svs,53813098-8298-463a-a940-d4dc708dfffa,TCGA-C8-A26Y-01Z-00-DX1,TCGA-C8-A26Y,TCGA-C8-A26Y-01Z,01,DX,1
TCGA-C8-A27B-DX1,TCGA-C8-A27B,DX1,DX,1,TCGA-C8-A27B-DX-1,4bf784ec-1b5f-4988-a628-966f5b8061b2,TCGA-C8-A27B-01Z-00-DX1.5A8A14E8-6430-4147-9C71-805024E098CB.svs,972.82,4bf784ec-1b5f-4988-a628-966f5b8061b2/TCGA-C8-A27B-01Z-00-DX1.5A8A14E8-6430-4147-9C71-805024E098CB.svs,4bf784ec-1b5f-4988-a628-966f5b8061b2,TCGA-C8-A27B-01Z-00-DX1,TCGA-C8-A27B,TCGA-C8-A27B-01Z,01,DX,1
TCGA-D8-A13Z-DX1,TCGA-D8-A13Z,DX1,DX,1,TCGA-D8-A13Z-DX-1,5a5ce402-933d-427a-a624-0759a2273d7d,TCGA-D8-A13Z-01Z-00-DX1.517140BB-D34C-42F8-952C-340EF16D382F.svs,1302.31,5a5ce402-933d-427a-a624-0759a2273d7d/TCGA-D8-A13Z-01Z-00-DX1.517140BB-D34C-42F8-952C-340EF16D382F.svs,5a5ce402-933d-427a-a624-0759a2273d7d,TCGA-D8-A13Z-01Z-00-DX1,TCGA-D8-A13Z,TCGA-D8-A13Z-01Z,01,DX,1
TCGA-D8-A142-DX1,TCGA-D8-A142,DX1,DX,1,TCGA-D8-A142-DX-1,1f655c4a-0e64-4d6e-b016-b134905d773b,TCGA-D8-A142-01Z-00-DX1.F6D58989-9120-40C9-918D-6B1650C1A8E8.svs,1226.65,1f655c4a-0e64-4d6e-b016-b134905d773b/TCGA-D8-A142-01Z-00-DX1.F6D58989-9120-40C9-918D-6B1650C1A8E8.svs,1f655c4a-0e64-4d6e-b016-b134905d773b,TCGA-D8-A142-01Z-00-DX1,TCGA-D8-A142,TCGA-D8-A142-01Z,01,DX,1
TCGA-D8-A143-DX1,TCGA-D8-A143,DX1,DX,1,TCGA-D8-A143-DX-1,cc5cc070-d63d-4d50-91f9-1efb23d28034,TCGA-D8-A143-01Z-00-DX1.4697FB2F-91D5-4506-AF23-7DE304D44A3F.svs,1115.73,cc5cc070-d63d-4d50-91f9-1efb23d28034/TCGA-D8-A143-01Z-00-DX1.4697FB2F-91D5-4506-AF23-7DE304D44A3F.svs,cc5cc070-d63d-4d50-91f9-1efb23d28034,TCGA-D8-A143-01Z-00-DX1,TCGA-D8-A143,TCGA-D8-A143-01Z,01,DX,1
TCGA-D8-A147-DX1,TCGA-D8-A147,DX1,DX,1,TCGA-D8-A147-DX-1,75f48929-04a3-4970-8572-29b1068b2d85,TCGA-D8-A147-01Z-00-DX1.159094F2-BB78-4910-B7AE-3D7CAAB1DAD9.svs,1348.91,75f48929-04a3-4970-8572-29b1068b2d85/TCGA-D8-A147-01Z-00-DX1.159094F2-BB78-4910-B7AE-3D7CAAB1DAD9.svs,75f48929-04a3-4970-8572-29b1068b2d85,TCGA-D8-A147-01Z-00-DX1,TCGA-D8-A147,TCGA-D8-A147-01Z,01,DX,1
TCGA-D8-A1JF-DX1,TCGA-D8-A1JF,DX1,DX,1,TCGA-D8-A1JF-DX-1,1e9d6a1d-b010-4e42-886e-e5769fb777ab,TCGA-D8-A1JF-01Z-00-DX1.224EDA43-F822-4A88-814A-BA7D4C60F8CC.svs,1963.64,1e9d6a1d-b010-4e42-886e-e5769fb777ab/TCGA-D8-A1JF-01Z-00-DX1.224EDA43-F822-4A88-814A-BA7D4C60F8CC.svs,1e9d6a1d-b010-4e42-886e-e5769fb777ab,TCGA-D8-A1JF-01Z-00-DX1,TCGA-D8-A1JF,TCGA-D8-A1JF-01Z,01,DX,1
TCGA-D8-A1JG-DX1,TCGA-D8-A1JG,DX1,DX,1,TCGA-D8-A1JG-DX-1,f005c8db-e2dc-4c8d-a816-a18a7190384b,TCGA-D8-A1JG-01Z-00-DX1.BA6D5CC7-3A9B-4D17-A86A-B159D345A216.svs,1729.35,f005c8db-e2dc-4c8d-a816-a18a7190384b/TCGA-D8-A1JG-01Z-00-DX1.BA6D5CC7-3A9B-4D17-A86A-B159D345A216.svs,f005c8db-e2dc-4c8d-a816-a18a7190384b,TCGA-D8-A1JG-01Z-00-DX1,TCGA-D8-A1JG,TCGA-D8-A1JG-01Z,01,DX,1
TCGA-D8-A1JL-DX1,TCGA-D8-A1JL,DX1,DX,1,TCGA-D8-A1JL-DX-1,32a5ad8f-4ce0-4256-a56f-4df0f8d959ef,TCGA-D8-A1JL-01Z-00-DX1.FE3F0C6B-F98A-4036-BF9A-25A8CC66B1FD.svs,2467.88,32a5ad8f-4ce0-4256-a56f-4df0f8d959ef/TCGA-D8-A1JL-01Z-00-DX1.FE3F0C6B-F98A-4036-BF9A-25A8CC66B1FD.svs,32a5ad8f-4ce0-4256-a56f-4df0f8d959ef,TCGA-D8-A1JL-01Z-00-DX1,TCGA-D8-A1JL,TCGA-D8-A1JL-01Z,01,DX,1
TCGA-D8-A1XK-DX1,TCGA-D8-A1XK,DX1,DX,1,TCGA-D8-A1XK-DX-1,ecfe4082-ea95-4988-a0bc-a9433f4c6a8f,TCGA-D8-A1XK-01Z-00-DX1.41EB1BBC-F230-4E3F-8C4E-CE331CAF1935.svs,996.37,ecfe4082-ea95-4988-a0bc-a9433f4c6a8f/TCGA-D8-A1XK-01Z-00-DX1.41EB1BBC-F230-4E3F-8C4E-CE331CAF1935.svs,ecfe4082-ea95-4988-a0bc-a9433f4c6a8f,TCGA-D8-A1XK-01Z-00-DX1,TCGA-D8-A1XK,TCGA-D8-A1XK-01Z,01,DX,1
TCGA-D8-A1XQ-DX1,TCGA-D8-A1XQ,DX1,DX,1,TCGA-D8-A1XQ-DX-1,7a79416d-74da-48a6-8c44-df4f41b04e3a,TCGA-D8-A1XQ-01Z-00-DX1.1A17A5C7-F14B-4AD2-AD5F-D3400D86A366.svs,1153.69,7a79416d-74da-48a6-8c44-df4f41b04e3a/TCGA-D8-A1XQ-01Z-00-DX1.1A17A5C7-F14B-4AD2-AD5F-D3400D86A366.svs,7a79416d-74da-48a6-8c44-df4f41b04e3a,TCGA-D8-A1XQ-01Z-00-DX1,TCGA-D8-A1XQ,TCGA-D8-A1XQ-01Z,01,DX,1
TCGA-D8-A27F-DX1,TCGA-D8-A27F,DX1,DX,1,TCGA-D8-A27F-DX-1,919ee5f1-f2b9-4065-b07c-0b9687af5456,TCGA-D8-A27F-01Z-00-DX1.C1A87F27-49F1-46BA-B2E2-A89293F7FD0C.svs,1602.76,919ee5f1-f2b9-4065-b07c-0b9687af5456/TCGA-D8-A27F-01Z-00-DX1.C1A87F27-49F1-46BA-B2E2-A89293F7FD0C.svs,919ee5f1-f2b9-4065-b07c-0b9687af5456,TCGA-D8-A27F-01Z-00-DX1,TCGA-D8-A27F,TCGA-D8-A27F-01Z,01,DX,1
TCGA-D8-A27H-DX1,TCGA-D8-A27H,DX1,DX,1,TCGA-D8-A27H-DX-1,161e66b9-29e7-458b-b5a9-1c5c8a4be659,TCGA-D8-A27H-01Z-00-DX1.BE9DFDD4-97C5-4327-B1DA-4B34A6F267C5.svs,950.55,161e66b9-29e7-458b-b5a9-1c5c8a4be659/TCGA-D8-A27H-01Z-00-DX1.BE9DFDD4-97C5-4327-B1DA-4B34A6F267C5.svs,161e66b9-29e7-458b-b5a9-1c5c8a4be659,TCGA-D8-A27H-01Z-00-DX1,TCGA-D8-A27H,TCGA-D8-A27H-01Z,01,DX,1
TCGA-D8-A27M-DX1,TCGA-D8-A27M,DX1,DX,1,TCGA-D8-A27M-DX-1,aac5d476-06b4-4593-b9aa-611f7cb176f2,TCGA-D8-A27M-01Z-00-DX1.3020D223-2400-4A2D-8BFE-08A5B78FE13B.svs,817.04,aac5d476-06b4-4593-b9aa-611f7cb176f2/TCGA-D8-A27M-01Z-00-DX1.3020D223-2400-4A2D-8BFE-08A5B78FE13B.svs,aac5d476-06b4-4593-b9aa-611f7cb176f2,TCGA-D8-A27M-01Z-00-DX1,TCGA-D8-A27M,TCGA-D8-A27M-01Z,01,DX,1
TCGA-E2-A14N-DX1,TCGA-E2-A14N,DX1,DX,1,TCGA-E2-A14N-DX-1,0dcc8304-dfd1-4e79-b23f-30f1143c897c,TCGA-E2-A14N-01Z-00-DX1.15F5644F-CA9F-4688-B56E-BCC00CA4769B.svs,1097.34,0dcc8304-dfd1-4e79-b23f-30f1143c897c/TCGA-E2-A14N-01Z-00-DX1.15F5644F-CA9F-4688-B56E-BCC00CA4769B.svs,0dcc8304-dfd1-4e79-b23f-30f1143c897c,TCGA-E2-A14N-01Z-00-DX1,TCGA-E2-A14N,TCGA-E2-A14N-01Z,01,DX,1
TCGA-E2-A14R-DX1,TCGA-E2-A14R,DX1,DX,1,TCGA-E2-A14R-DX-1,745f1703-c59d-4d43-b5ba-d908bf1498c3,TCGA-E2-A14R-01Z-00-DX1.DDE62ED5-1FC0-4B3B-A874-95C08B33AB20.svs,1451.77,745f1703-c59d-4d43-b5ba-d908bf1498c3/TCGA-E2-A14R-01Z-00-DX1.DDE62ED5-1FC0-4B3B-A874-95C08B33AB20.svs,745f1703-c59d-4d43-b5ba-d908bf1498c3,TCGA-E2-A14R-01Z-00-DX1,TCGA-E2-A14R,TCGA-E2-A14R-01Z,01,DX,1
TCGA-E2-A14X-DX1,TCGA-E2-A14X,DX1,DX,1,TCGA-E2-A14X-DX-1,abf27f46-f39a-4f2d-8e7b-423e5da54419,TCGA-E2-A14X-01Z-00-DX1.24ADDA43-F127-4A6B-9AAD-2FAD982A853D.svs,1591.29,abf27f46-f39a-4f2d-8e7b-423e5da54419/TCGA-E2-A14X-01Z-00-DX1.24ADDA43-F127-4A6B-9AAD-2FAD982A853D.svs,abf27f46-f39a-4f2d-8e7b-423e5da54419,TCGA-E2-A14X-01Z-00-DX1,TCGA-E2-A14X,TCGA-E2-A14X-01Z,01,DX,1
TCGA-E2-A150-DX1,TCGA-E2-A150,DX1,DX,1,TCGA-E2-A150-DX-1,8b523360-eac2-4e93-aa58-5f109bbb6820,TCGA-E2-A150-01Z-00-DX1.55643D23-83E6-4058-8EA5-18AAA8547839.svs,1537.25,8b523360-eac2-4e93-aa58-5f109bbb6820/TCGA-E2-A150-01Z-00-DX1.55643D23-83E6-4058-8EA5-18AAA8547839.svs,8b523360-eac2-4e93-aa58-5f109bbb6820,TCGA-E2-A150-01Z-00-DX1,TCGA-E2-A150,TCGA-E2-A150-01Z,01,DX,1
TCGA-E2-A158-DX1,TCGA-E2-A158,DX1,DX,1,TCGA-E2-A158-DX-1,672685f0-fe97-415f-b52b-e451ac87294f,TCGA-E2-A158-01Z-00-DX1.994C60FE-E651-4224-95E7-4669834F2338.svs,797.2,672685f0-fe97-415f-b52b-e451ac87294f/TCGA-E2-A158-01Z-00-DX1.994C60FE-E651-4224-95E7-4669834F2338.svs,672685f0-fe97-415f-b52b-e451ac87294f,TCGA-E2-A158-01Z-00-DX1,TCGA-E2-A158,TCGA-E2-A158-01Z,01,DX,1
TCGA-E2-A159-DX1,TCGA-E2-A159,DX1,DX,1,TCGA-E2-A159-DX-1,a221cf48-592f-46db-b067-e3515a4262cb,TCGA-E2-A159-01Z-00-DX1.C8DC3356-CAE9-4E7A-AEFF-ABB4BE38192B.svs,1421.38,a221cf48-592f-46db-b067-e3515a4262cb/TCGA-E2-A159-01Z-00-DX1.C8DC3356-CAE9-4E7A-AEFF-ABB4BE38192B.svs,a221cf48-592f-46db-b067-e3515a4262cb,TCGA-E2-A159-01Z-00-DX1,TCGA-E2-A159,TCGA-E2-A159-01Z,01,DX,1
TCGA-E2-A1AZ-DX1,TCGA-E2-A1AZ,DX1,DX,1,TCGA-E2-A1AZ-DX-1,05731e24-2d30-4cb0-9c61-c8bdbfbf77b9,TCGA-E2-A1AZ-01Z-00-DX1.FE769F5F-385B-4DCF-819A-735C98D84FA8.svs,1721.79,05731e24-2d30-4cb0-9c61-c8bdbfbf77b9/TCGA-E2-A1AZ-01Z-00-DX1.FE769F5F-385B-4DCF-819A-735C98D84FA8.svs,05731e24-2d30-4cb0-9c61-c8bdbfbf77b9,TCGA-E2-A1AZ-01Z-00-DX1,TCGA-E2-A1AZ,TCGA-E2-A1AZ-01Z,01,DX,1
TCGA-E2-A1B6-DX1,TCGA-E2-A1B6,DX1,DX,1,TCGA-E2-A1B6-DX-1,e210b5e1-14a7-4b6f-b45b-ab2b8d3332e0,TCGA-E2-A1B6-01Z-00-DX1.8CD458BE-C4F9-4AF3-A927-18C042E9B4B7.svs,1086.4,e210b5e1-14a7-4b6f-b45b-ab2b8d3332e0/TCGA-E2-A1B6-01Z-00-DX1.8CD458BE-C4F9-4AF3-A927-18C042E9B4B7.svs,e210b5e1-14a7-4b6f-b45b-ab2b8d3332e0,TCGA-E2-A1B6-01Z-00-DX1,TCGA-E2-A1B6,TCGA-E2-A1B6-01Z,01,DX,1
TCGA-E2-A1L7-DX1,TCGA-E2-A1L7,DX1,DX,1,TCGA-E2-A1L7-DX-1,966c7061-a5e0-4340-8e51-2d5dd509c663,TCGA-E2-A1L7-01Z-00-DX1.BE796CD2-2E81-44E8-8CA2-85B4D2A31B64.svs,337.79,966c7061-a5e0-4340-8e51-2d5dd509c663/TCGA-E2-A1L7-01Z-00-DX1.BE796CD2-2E81-44E8-8CA2-85B4D2A31B64.svs,966c7061-a5e0-4340-8e51-2d5dd509c663,TCGA-E2-A1L7-01Z-00-DX1,TCGA-E2-A1L7,TCGA-E2-A1L7-01Z,01,DX,1
TCGA-E2-A1LH-DX1,TCGA-E2-A1LH,DX1,DX,1,TCGA-E2-A1LH-DX-1,33f7413f-6339-4389-98dd-eee280233684,TCGA-E2-A1LH-01Z-00-DX1.F85384B7-1EBF-4F57-A45B-4A668B68E535.svs,1050.5,33f7413f-6339-4389-98dd-eee280233684/TCGA-E2-A1LH-01Z-00-DX1.F85384B7-1EBF-4F57-A45B-4A668B68E535.svs,33f7413f-6339-4389-98dd-eee280233684,TCGA-E2-A1LH-01Z-00-DX1,TCGA-E2-A1LH,TCGA-E2-A1LH-01Z,01,DX,1
TCGA-E2-A1LI-DX1,TCGA-E2-A1LI,DX1,DX,1,TCGA-E2-A1LI-DX-1,26eb27eb-84c8-4fea-a51b-c3eb5c484b33,TCGA-E2-A1LI-01Z-00-DX1.503dd2fa-23ef-4b11-8aab-301e069eaa88.svs,1142.68,26eb27eb-84c8-4fea-a51b-c3eb5c484b33/TCGA-E2-A1LI-01Z-00-DX1.503dd2fa-23ef-4b11-8aab-301e069eaa88.svs,26eb27eb-84c8-4fea-a51b-c3eb5c484b33,TCGA-E2-A1LI-01Z-00-DX1,TCGA-E2-A1LI,TCGA-E2-A1LI-01Z,01,DX,1
TCGA-E2-A1LK-DX1,TCGA-E2-A1LK,DX1,DX,1,TCGA-E2-A1LK-DX-1,d2c7ad27-6090-421e-a12e-2cb66a5417e4,TCGA-E2-A1LK-01Z-00-DX1.5EBAA1F4-F1B4-4938-A51F-0246621BB0ED.svs,1543.12,d2c7ad27-6090-421e-a12e-2cb66a5417e4/TCGA-E2-A1LK-01Z-00-DX1.5EBAA1F4-F1B4-4938-A51F-0246621BB0ED.svs,d2c7ad27-6090-421e-a12e-2cb66a5417e4,TCGA-E2-A1LK-01Z-00-DX1,TCGA-E2-A1LK,TCGA-E2-A1LK-01Z,01,DX,1
TCGA-E2-A1LS-DX1,TCGA-E2-A1LS,DX1,DX,1,TCGA-E2-A1LS-DX-1,4d80b284-86ef-4dd5-b09f-14bd6d171d9d,TCGA-E2-A1LS-01Z-00-DX1.9a43a58a-df40-4375-8456-ef0071bc9eb9.svs,713.49,4d80b284-86ef-4dd5-b09f-14bd6d171d9d/TCGA-E2-A1LS-01Z-00-DX1.9a43a58a-df40-4375-8456-ef0071bc9eb9.svs,4d80b284-86ef-4dd5-b09f-14bd6d171d9d,TCGA-E2-A1LS-01Z-00-DX1,TCGA-E2-A1LS,TCGA-E2-A1LS-01Z,01,DX,1
TCGA-E2-A573-DX1,TCGA-E2-A573,DX1,DX,1,TCGA-E2-A573-DX-1,e6ec522d-39aa-4702-a5ba-243ef9bf531e,TCGA-E2-A573-01Z-00-DX1.D6633BC2-524D-4153-952F-6B1D8D067370.svs,1189.64,e6ec522d-39aa-4702-a5ba-243ef9bf531e/TCGA-E2-A573-01Z-00-DX1.D6633BC2-524D-4153-952F-6B1D8D067370.svs,e6ec522d-39aa-4702-a5ba-243ef9bf531e,TCGA-E2-A573-01Z-00-DX1,TCGA-E2-A573,TCGA-E2-A573-01Z,01,DX,1
TCGA-E2-A574-DX1,TCGA-E2-A574,DX1,DX,1,TCGA-E2-A574-DX-1,b28b6590-f8f2-43fa-90f2-cf4b558797d9,TCGA-E2-A574-01Z-00-DX1.60341091-B118-4F20-9ADB-FB2886790B0E.svs,911.33,b28b6590-f8f2-43fa-90f2-cf4b558797d9/TCGA-E2-A574-01Z-00-DX1.60341091-B118-4F20-9ADB-FB2886790B0E.svs,b28b6590-f8f2-43fa-90f2-cf4b558797d9,TCGA-E2-A574-01Z-00-DX1,TCGA-E2-A574,TCGA-E2-A574-01Z,01,DX,1
TCGA-EW-A1OV-DX1,TCGA-EW-A1OV,DX1,DX,1,TCGA-EW-A1OV-DX-1,0441253a-5af1-4b62-9f75-9bfa19066cd8,TCGA-EW-A1OV-01Z-00-DX1.93698123-5B34-4163-848B-2D75A5F7B001.svs,1947.68,0441253a-5af1-4b62-9f75-9bfa19066cd8/TCGA-EW-A1OV-01Z-00-DX1.93698123-5B34-4163-848B-2D75A5F7B001.svs,0441253a-5af1-4b62-9f75-9bfa19066cd8,TCGA-EW-A1OV-01Z-00-DX1,TCGA-EW-A1OV,TCGA-EW-A1OV-01Z,01,DX,1
TCGA-EW-A1OW-DX1,TCGA-EW-A1OW,DX1,DX,1,TCGA-EW-A1OW-DX-1,aef825ae-1b7a-4f6e-9c91-0875301eee06,TCGA-EW-A1OW-01Z-00-DX1.97888686-EBB6-4B13-AB5D-452F475E865B.svs,1375.53,aef825ae-1b7a-4f6e-9c91-0875301eee06/TCGA-EW-A1OW-01Z-00-DX1.97888686-EBB6-4B13-AB5D-452F475E865B.svs,aef825ae-1b7a-4f6e-9c91-0875301eee06,TCGA-EW-A1OW-01Z-00-DX1,TCGA-EW-A1OW,TCGA-EW-A1OW-01Z,01,DX,1
TCGA-EW-A1P1-DX1,TCGA-EW-A1P1,DX1,DX,1,TCGA-EW-A1P1-DX-1,a779fff9-b54a-4c18-936f-43f75119b9ad,TCGA-EW-A1P1-01Z-00-DX1.4B670029-4B3B-4D76-8EA4-F4F29EEF9E37.svs,1341.44,a779fff9-b54a-4c18-936f-43f75119b9ad/TCGA-EW-A1P1-01Z-00-DX1.4B670029-4B3B-4D76-8EA4-F4F29EEF9E37.svs,a779fff9-b54a-4c18-936f-43f75119b9ad,TCGA-EW-A1P1-01Z-00-DX1,TCGA-EW-A1P1,TCGA-EW-A1P1-01Z,01,DX,1
TCGA-EW-A1P7-DX1,TCGA-EW-A1P7,DX1,DX,1,TCGA-EW-A1P7-DX-1,605b7109-bd06-4b3b-8970-d8680c331b14,TCGA-EW-A1P7-01Z-00-DX1.97575C9F-C318-45A5-A4B7-1A902B93FA3F.svs,2774.32,605b7109-bd06-4b3b-8970-d8680c331b14/TCGA-EW-A1P7-01Z-00-DX1.97575C9F-C318-45A5-A4B7-1A902B93FA3F.svs,605b7109-bd06-4b3b-8970-d8680c331b14,TCGA-EW-A1P7-01Z-00-DX1,TCGA-EW-A1P7,TCGA-EW-A1P7-01Z,01,DX,1
TCGA-EW-A1P8-DX1,TCGA-EW-A1P8,DX1,DX,1,TCGA-EW-A1P8-DX-1,63b2184b-03f7-457c-968a-2243c41e74cd,TCGA-EW-A1P8-01Z-00-DX1.E9852193-8CDD-49EF-B49B-DA6931198F0D.svs,2066.59,63b2184b-03f7-457c-968a-2243c41e74cd/TCGA-EW-A1P8-01Z-00-DX1.E9852193-8CDD-49EF-B49B-DA6931198F0D.svs,63b2184b-03f7-457c-968a-2243c41e74cd,TCGA-EW-A1P8-01Z-00-DX1,TCGA-EW-A1P8,TCGA-EW-A1P8-01Z,01,DX,1
TCGA-EW-A1PB-DX1,TCGA-EW-A1PB,DX1,DX,1,TCGA-EW-A1PB-DX-1,993a9d90-8508-4db0-b955-813ca5984c93,TCGA-EW-A1PB-01Z-00-DX1.B2E9B88F-C371-4821-9B7B-8A63BB120D95.svs,1561.89,993a9d90-8508-4db0-b955-813ca5984c93/TCGA-EW-A1PB-01Z-00-DX1.B2E9B88F-C371-4821-9B7B-8A63BB120D95.svs,993a9d90-8508-4db0-b955-813ca5984c93,TCGA-EW-A1PB-01Z-00-DX1,TCGA-EW-A1PB,TCGA-EW-A1PB-01Z,01,DX,1
TCGA-EW-A1PH-DX1,TCGA-EW-A1PH,DX1,DX,1,TCGA-EW-A1PH-DX-1,eed0b09f-9b9f-4da3-b24b-8d916be3fa3e,TCGA-EW-A1PH-01Z-00-DX1.77e0f907-fe59-4dc2-b582-6f10330a9c01.svs,2636.22,eed0b09f-9b9f-4da3-b24b-8d916be3fa3e/TCGA-EW-A1PH-01Z-00-DX1.77e0f907-fe59-4dc2-b582-6f10330a9c01.svs,eed0b09f-9b9f-4da3-b24b-8d916be3fa3e,TCGA-EW-A1PH-01Z-00-DX1,TCGA-EW-A1PH,TCGA-EW-A1PH-01Z,01,DX,1
TCGA-EW-A3U0-DX1,TCGA-EW-A3U0,DX1,DX,1,TCGA-EW-A3U0-DX-1,33e614a6-2488-4ffc-8c09-ba4fcf235d74,TCGA-EW-A3U0-01Z-00-DX1.526F60F9-D1EB-4613-B428-18A1FC0BAAE2.svs,1509.97,33e614a6-2488-4ffc-8c09-ba4fcf235d74/TCGA-EW-A3U0-01Z-00-DX1.526F60F9-D1EB-4613-B428-18A1FC0BAAE2.svs,33e614a6-2488-4ffc-8c09-ba4fcf235d74,TCGA-EW-A3U0-01Z-00-DX1,TCGA-EW-A3U0,TCGA-EW-A3U0-01Z,01,DX,1
TCGA-EW-A6SB-DX1,TCGA-EW-A6SB,DX1,DX,1,TCGA-EW-A6SB-DX-1,206ccd79-310d-40a4-852c-03930e685304,TCGA-EW-A6SB-01Z-00-DX1.D56E1922-01A9-4AEE-AB95-D69447DD13EE.svs,1329.65,206ccd79-310d-40a4-852c-03930e685304/TCGA-EW-A6SB-01Z-00-DX1.D56E1922-01A9-4AEE-AB95-D69447DD13EE.svs,206ccd79-310d-40a4-852c-03930e685304,TCGA-EW-A6SB-01Z-00-DX1,TCGA-EW-A6SB,TCGA-EW-A6SB-01Z,01,DX,1
TCGA-GI-A2C9-DX1,TCGA-GI-A2C9,DX1,DX,1,TCGA-GI-A2C9-DX-1,c3200120-e484-45cd-97f4-30d0635c7938,TCGA-GI-A2C9-01Z-00-DX1.90181423-51ED-41FE-9B8F-973A67793D4F.svs,226.11,c3200120-e484-45cd-97f4-30d0635c7938/TCGA-GI-A2C9-01Z-00-DX1.90181423-51ED-41FE-9B8F-973A67793D4F.svs,c3200120-e484-45cd-97f4-30d0635c7938,TCGA-GI-A2C9-01Z-00-DX1,TCGA-GI-A2C9,TCGA-GI-A2C9-01Z,01,DX,1
TCGA-GM-A2DB-DX1,TCGA-GM-A2DB,DX1,DX,1,TCGA-GM-A2DB-DX-1,c713f828-2725-4901-a9fe-01d3192edc46,TCGA-GM-A2DB-01Z-00-DX1.9EE36AA6-2594-44C7-B05C-91A0AEC7E511.svs,971.67,c713f828-2725-4901-a9fe-01d3192edc46/TCGA-GM-A2DB-01Z-00-DX1.9EE36AA6-2594-44C7-B05C-91A0AEC7E511.svs,c713f828-2725-4901-a9fe-01d3192edc46,TCGA-GM-A2DB-01Z-00-DX1,TCGA-GM-A2DB,TCGA-GM-A2DB-01Z,01,DX,1
TCGA-GM-A2DD-DX1,TCGA-GM-A2DD,DX1,DX,1,TCGA-GM-A2DD-DX-1,e61e6244-5a12-4640-996f-57597d0c452a,TCGA-GM-A2DD-01Z-00-DX1.01332FF3-7488-41B7-A515-7841715DE92B.svs,1250.5,e61e6244-5a12-4640-996f-57597d0c452a/TCGA-GM-A2DD-01Z-00-DX1.01332FF3-7488-41B7-A515-7841715DE92B.svs,e61e6244-5a12-4640-996f-57597d0c452a,TCGA-GM-A2DD-01Z-00-DX1,TCGA-GM-A2DD,TCGA-GM-A2DD-01Z,01,DX,1
TCGA-GM-A2DF-DX1,TCGA-GM-A2DF,DX1,DX,1,TCGA-GM-A2DF-DX-1,bcd6977f-b269-48c4-b088-ddf8d6d95240,TCGA-GM-A2DF-01Z-00-DX1.CD0BE6D7-2DB3-4193-84CC-F9BE7BF18CC2.svs,1288.89,bcd6977f-b269-48c4-b088-ddf8d6d95240/TCGA-GM-A2DF-01Z-00-DX1.CD0BE6D7-2DB3-4193-84CC-F9BE7BF18CC2.svs,bcd6977f-b269-48c4-b088-ddf8d6d95240,TCGA-GM-A2DF-01Z-00-DX1,TCGA-GM-A2DF,TCGA-GM-A2DF-01Z,01,DX,1
TCGA-GM-A2DH-DX1,TCGA-GM-A2DH,DX1,DX,1,TCGA-GM-A2DH-DX-1,4a018dfe-d526-4943-aba1-9cb633788b73,TCGA-GM-A2DH-01Z-00-DX1.5790F15F-2A0F-4929-8FE4-18A557007989.svs,1229.47,4a018dfe-d526-4943-aba1-9cb633788b73/TCGA-GM-A2DH-01Z-00-DX1.5790F15F-2A0F-4929-8FE4-18A557007989.svs,4a018dfe-d526-4943-aba1-9cb633788b73,TCGA-GM-A2DH-01Z-00-DX1,TCGA-GM-A2DH,TCGA-GM-A2DH-01Z,01,DX,1
TCGA-GM-A2DI-DX1,TCGA-GM-A2DI,DX1,DX,1,TCGA-GM-A2DI-DX-1,1941bd60-aa20-4c4c-896e-7b2745426cca,TCGA-GM-A2DI-01Z-00-DX1.5E9715EA-9D2B-49D0-8F1D-972CF24B1960.svs,678.14,1941bd60-aa20-4c4c-896e-7b2745426cca/TCGA-GM-A2DI-01Z-00-DX1.5E9715EA-9D2B-49D0-8F1D-972CF24B1960.svs,1941bd60-aa20-4c4c-896e-7b2745426cca,TCGA-GM-A2DI-01Z-00-DX1,TCGA-GM-A2DI,TCGA-GM-A2DI-01Z,01,DX,1
TCGA-GM-A3XL-DX1,TCGA-GM-A3XL,DX1,DX,1,TCGA-GM-A3XL-DX-1,afac11db-73a0-4651-922c-60426719320e,TCGA-GM-A3XL-01Z-00-DX1.CCE8AA1D-9194-4E49-9546-DBF25A35847C.svs,754.61,afac11db-73a0-4651-922c-60426719320e/TCGA-GM-A3XL-01Z-00-DX1.CCE8AA1D-9194-4E49-9546-DBF25A35847C.svs,afac11db-73a0-4651-922c-60426719320e,TCGA-GM-A3XL-01Z-00-DX1,TCGA-GM-A3XL,TCGA-GM-A3XL-01Z,01,DX,1
TCGA-LL-A441-DX1,TCGA-LL-A441,DX1,DX,1,TCGA-LL-A441-DX-1,d5a53214-78c1-4d1b-b890-207faad31982,TCGA-LL-A441-01Z-00-DX1.33B13078-BB14-4C42-88A6-7460AD2BCD00.svs,1296.66,d5a53214-78c1-4d1b-b890-207faad31982/TCGA-LL-A441-01Z-00-DX1.33B13078-BB14-4C42-88A6-7460AD2BCD00.svs,d5a53214-78c1-4d1b-b890-207faad31982,TCGA-LL-A441-01Z-00-DX1,TCGA-LL-A441,TCGA-LL-A441-01Z,01,DX,1
TCGA-LL-A5YO-DX1,TCGA-LL-A5YO,DX1,DX,1,TCGA-LL-A5YO-DX-1,1c8203d6-e6b9-4224-b757-e654fe112d28,TCGA-LL-A5YO-01Z-00-DX1.B5B6DFDB-1020-41FF-AA50-9C633E17DE5F.svs,1152.28,1c8203d6-e6b9-4224-b757-e654fe112d28/TCGA-LL-A5YO-01Z-00-DX1.B5B6DFDB-1020-41FF-AA50-9C633E17DE5F.svs,1c8203d6-e6b9-4224-b757-e654fe112d28,TCGA-LL-A5YO-01Z-00-DX1,TCGA-LL-A5YO,TCGA-LL-A5YO-01Z,01,DX,1
TCGA-LL-A73Y-DX1,TCGA-LL-A73Y,DX1,DX,1,TCGA-LL-A73Y-DX-1,e6a78709-9195-4657-a537-a51e7e7b7c97,TCGA-LL-A73Y-01Z-00-DX1.50C20931-3AA9-40B4-8A73-56B1976423A8.svs,922.19,e6a78709-9195-4657-a537-a51e7e7b7c97/TCGA-LL-A73Y-01Z-00-DX1.50C20931-3AA9-40B4-8A73-56B1976423A8.svs,e6a78709-9195-4657-a537-a51e7e7b7c97,TCGA-LL-A73Y-01Z-00-DX1,TCGA-LL-A73Y,TCGA-LL-A73Y-01Z,01,DX,1
TCGA-LL-A740-DX1,TCGA-LL-A740,DX1,DX,1,TCGA-LL-A740-DX-1,1db81db6-77eb-4aee-9e20-5d9cad3d4917,TCGA-LL-A740-01Z-00-DX1.757D94A5-EF0F-4A0E-99A9-8809B66438DA.svs,1207.41,1db81db6-77eb-4aee-9e20-5d9cad3d4917/TCGA-LL-A740-01Z-00-DX1.757D94A5-EF0F-4A0E-99A9-8809B66438DA.svs,1db81db6-77eb-4aee-9e20-5d9cad3d4917,TCGA-LL-A740-01Z-00-DX1,TCGA-LL-A740,TCGA-LL-A740-01Z,01,DX,1
TCGA-OL-A5D6-DX1,TCGA-OL-A5D6,DX1,DX,1,TCGA-OL-A5D6-DX-1,86925470-1065-44f5-a4e5-a3c55a73c995,TCGA-OL-A5D6-01Z-00-DX1.6B11331B-4A0D-4E13-B054-A5C7A6FC3AAC.svs,1207.05,86925470-1065-44f5-a4e5-a3c55a73c995/TCGA-OL-A5D6-01Z-00-DX1.6B11331B-4A0D-4E13-B054-A5C7A6FC3AAC.svs,86925470-1065-44f5-a4e5-a3c55a73c995,TCGA-OL-A5D6-01Z-00-DX1,TCGA-OL-A5D6,TCGA-OL-A5D6-01Z,01,DX,1
TCGA-OL-A5D7-DX1,TCGA-OL-A5D7,DX1,DX,1,TCGA-OL-A5D7-DX-1,d29fb01b-dfb0-49fe-b42c-98dd32a306c1,TCGA-OL-A5D7-01Z-00-DX1.A4A45393-9AE1-4370-8B92-CB85CDB04934.svs,1051.28,d29fb01b-dfb0-49fe-b42c-98dd32a306c1/TCGA-OL-A5D7-01Z-00-DX1.A4A45393-9AE1-4370-8B92-CB85CDB04934.svs,d29fb01b-dfb0-49fe-b42c-98dd32a306c1,TCGA-OL-A5D7-01Z-00-DX1,TCGA-OL-A5D7,TCGA-OL-A5D7-01Z,01,DX,1
TCGA-OL-A5RW-DX1,TCGA-OL-A5RW,DX1,DX,1,TCGA-OL-A5RW-DX-1,f2d5aa37-d9ce-4264-a447-fc69dd0d7d85,TCGA-OL-A5RW-01Z-00-DX1.E16DE8EE-31AF-4EAF-A85F-DB3E3E2C3BFF.svs,24.38,f2d5aa37-d9ce-4264-a447-fc69dd0d7d85/TCGA-OL-A5RW-01Z-00-DX1.E16DE8EE-31AF-4EAF-A85F-DB3E3E2C3BFF.svs,f2d5aa37-d9ce-4264-a447-fc69dd0d7d85,TCGA-OL-A5RW-01Z-00-DX1,TCGA-OL-A5RW,TCGA-OL-A5RW-01Z,01,DX,1
TCGA-OL-A66I-DX1,TCGA-OL-A66I,DX1,DX,1,TCGA-OL-A66I-DX-1,3d8e9a30-d35d-4a5c-81da-2dfc84f5d707,TCGA-OL-A66I-01Z-00-DX1.8CE9DCAB-98D3-4163-94AC-1557D86C1E25.svs,538.49,3d8e9a30-d35d-4a5c-81da-2dfc84f5d707/TCGA-OL-A66I-01Z-00-DX1.8CE9DCAB-98D3-4163-94AC-1557D86C1E25.svs,3d8e9a30-d35d-4a5c-81da-2dfc84f5d707,TCGA-OL-A66I-01Z-00-DX1,TCGA-OL-A66I,TCGA-OL-A66I-01Z,01,DX,1
TCGA-OL-A66P-DX1,TCGA-OL-A66P,DX1,DX,1,TCGA-OL-A66P-DX-1,5898b4df-56ee-4ae5-8dba-faf255ec5270,TCGA-OL-A66P-01Z-00-DX1.5ADD0D6D-37C6-4BC9-8C2B-64DB18BE99B3.svs,846.84,5898b4df-56ee-4ae5-8dba-faf255ec5270/TCGA-OL-A66P-01Z-00-DX1.5ADD0D6D-37C6-4BC9-8C2B-64DB18BE99B3.svs,5898b4df-56ee-4ae5-8dba-faf255ec5270,TCGA-OL-A66P-01Z-00-DX1,TCGA-OL-A66P,TCGA-OL-A66P-01Z,01,DX,1
TCGA-OL-A6VO-DX1,TCGA-OL-A6VO,DX1,DX,1,TCGA-OL-A6VO-DX-1,1090010a-c5b6-48d9-9fe8-0c798586096c,TCGA-OL-A6VO-01Z-00-DX1.291D54D6-EBAF-4622-BD42-97AA5997F014.svs,1145.14,1090010a-c5b6-48d9-9fe8-0c798586096c/TCGA-OL-A6VO-01Z-00-DX1.291D54D6-EBAF-4622-BD42-97AA5997F014.svs,1090010a-c5b6-48d9-9fe8-0c798586096c,TCGA-OL-A6VO-01Z-00-DX1,TCGA-OL-A6VO,TCGA-OL-A6VO-01Z,01,DX,1
TCGA-S3-AA10-DX1,TCGA-S3-AA10,DX1,DX,1,TCGA-S3-AA10-DX-1,edaed3cc-ec4f-4792-aab7-27078b0f30a3,TCGA-S3-AA10-01Z-00-DX1.C0468882-0DD8-4FC5-8C2F-E18BE8000F69.svs,911.12,edaed3cc-ec4f-4792-aab7-27078b0f30a3/TCGA-S3-AA10-01Z-00-DX1.C0468882-0DD8-4FC5-8C2F-E18BE8000F69.svs,edaed3cc-ec4f-4792-aab7-27078b0f30a3,TCGA-S3-AA10-01Z-00-DX1,TCGA-S3-AA10,TCGA-S3-AA10-01Z,01,DX,1
TCGA-S3-AA15-DX1,TCGA-S3-AA15,DX1,DX,1,TCGA-S3-AA15-DX-1,0018cc22-498a-45b8-bfd4-b0fe0c3a2f0a,TCGA-S3-AA15-01Z-00-DX1.A2456A4A-E6E8-4429-8F09-B997AA497BB0.svs,1113.92,0018cc22-498a-45b8-bfd4-b0fe0c3a2f0a/TCGA-S3-AA15-01Z-00-DX1.A2456A4A-E6E8-4429-8F09-B997AA497BB0.svs,0018cc22-498a-45b8-bfd4-b0fe0c3a2f0a,TCGA-S3-AA15-01Z-00-DX1,TCGA-S3-AA15,TCGA-S3-AA15-01Z,01,DX,1
